언론사,로고url,날짜,기사명,섹션,본문,url,회사명,회사종류,좋아요,추천반응수,댓글 수,요약문,키워드1,키워드2,키워드3,키워드4
전자신문,https://mimgnews.pstatic.net/image/upload/office_logo/030/2017/12/27/logo_030_38_20171227162327.png,3:02 PM 2022/01/12,"[데스크가 만났습니다]조범구 시스코코리아 대표 ""혁신 국가 한국, 디지털 네이티브 거점될 것""",IT,올해 통합 관제 기업 계약 등 사업 확장 추진 K 배터리 스타트업 투자로 지속 성장 모멘텀 전 세계 공장을 ,https://news.naver.com/main/read.naver?mode=LSD&mid=sec&sid1=105&oid=030&aid=0002993361,삼성전자,IDM,0,305,0,"['올해 통합 관제 기업 계약 등 사업 확장 추진 K 배터리 스타트업 투자로 지속 성장 모멘텀 전 세계 공장을 국내서 원격 관리하는 게 핵심 본사와 함께 정부 디지털 뉴딜에 힘 보탤 것 대담 김승규 통신미디어부장 한국은 땅덩어리나 시장 규모는 작지만 혁신 속도가 정말로 빠른 국가입니다.', '조 대표는 한국이 디지털 네이티브 프로그램 거점 역할을 할 것 이라며 이를 위한 전담팀 운영을 통해 디지털 스타트업과 협력을 확대하고 시스코 본사와 글로벌 시장으로 성공 모델을 확산시켜 나갈 것 이라고 말했다.', 'CDA 프로그램의 취지는 시스코의 직접 투자로 여러 기업 정부 기관 등과 긴밀히 협력해 혁신 기술 솔루션을 개발하고 범국가 차원에서 디지털 전환을 적극 지원한다는 것이다.']",#시스코,#디지털,#시장,#코리아
한국경제TV,https://mimgnews.pstatic.net/image/upload/office_logo/215/2017/12/27/logo_215_38_20171227165027.png,5:42 PM 2022/01/12,"""한경 산출 지수, 발 빠른 시장 요구 반영 기대"" [한경 KEDI 지수 출시]",경제,동영상 뉴스 한국경제신문이 개발한 KEDI 혁신기업ESG30 지수에 대해 더 자세한 이야기 나눠보겠습니다. ,https://news.naver.com/main/read.naver?mode=LSD&mid=sec&sid1=101&oid=215&aid=0001008932,하이닉스,IDM,2,846,0,"['해당 지수를 산출하기 위해서 혁신산업과 증권사 자산운용사 CEO 최고경영자 130명이 직접 고속 성장 기업 50곳을 고르고요.', '국내에서는 지금까지 언론사가 기존 지수사업자인 NH투자증권 등과 협업하는 사례는 있었습니다만 언론사 단독으로 지수를 산출하고 이를 기반으로 한 투자 상품이 상장하는 것은 국내 처음입니다.', '이 종목들을 기준으로 지수를 산출했을 때 지난 2020년 76.9 지난해 9.5 의 상승률을 보였고요.']",#지수,#종목,#산출,#시장
서울경제,https://mimgnews.pstatic.net/image/upload/office_logo/011/2017/12/27/logo_011_38_20171227161527.png,5:02 PM 2022/01/12,"[단독] 상상 속 숫자 '1경' 돌파···LG엔솔, 역대급 수요예측",경제,1 500대 1 넘는 경쟁률에 기관 투자 열기 후끈 수요예측 대흥행에 공모가 사실상 30만원 확정 국내 최대,https://news.naver.com/main/read.naver?mode=LSD&mid=sec&sid1=101&oid=011&aid=0004007317,하이닉스,IDM,125,703,285,"['LG엔솔은 지난해 8월 코스피 입성 당시 수요예측 사상 최대 주문액 2 585조 원 을 기록했던 카카오뱅크를 가볍게 넘어섰으며 경쟁률도 SK아이이테크놀로지의 최고치 1 883 대 1 를 깰 수 있다는 관측도 나온다.', '1 500대 1 넘는 경쟁률에 기관 투자 열기 후끈 수요예측 대흥행에 공모가 사실상 30만원 확정 국내 최대 전기차 배터리 업체인 LG 003550 에너지솔루션의 기업공개 IPO 에 기관투자가들의 사자 주문이 폭주해 상상 속 숫자로 여겨지던 1경 1조의 1만 배 원이 출현했다.', '공모가 30만 원 기준 시총은 70조 2 000억 원으로 삼성전자 약 471조 원 SK하이닉스 약 93조 원 에 이어 코스피 3위 규모인데 수요예측에 이어 일반 청약에서도 뭉칫돈이 몰리면 상장 후 시가총액이 단숨에 100조 원을 넘어설 것이란 분석도 있다.']",#수요,#기관,#예측,#증권
더팩트,https://mimgnews.pstatic.net/image/upload/office_logo/629/2019/09/26/logo_629_38_20190926183126.png,8:05 AM 2022/01/12,"전경련 ""반도체 등 주요 수출품 中 의존도 높아…대응책 필요""",경제,2018년 미중 무역전쟁 발생 이후 한국의 중국 수입의존도가 크게 상승한 것으로 나타났다. 삼성전자 제공 전,https://news.naver.com/main/read.naver?mode=LSD&mid=sec&sid1=101&oid=629&aid=0000126815,삼성전자,IDM,1,744,0,"['삼성전자 제공 전경련 한 미 일 대 중국 수입의존도 현황과 과제 보고서 발간 한국 미국 일본 등 3국의 주요품목 대 중국 수입의존도를 비교한 결과 한국이 부품소재를 포함한 중국 수입의존도가 가장 높은 것으로 나타났다.', '미중 무역전쟁 발생 직전년도인 2017년과 대비해 전체 품목의 2021년 1 8월 중국 수입의존도는 한국이 3.8 p 증가한 반면 일본은 0.1 p 증가하는 데 그쳤고 미국은 4.2 p 줄었다.', '김봉만 전경련 국제협력실장은 지난해 11월 삼성의 170억 달러 약 20조 원 규모 미국 반도체 파운드리 건설 프로젝트 확정 사례에서 알 수 있듯이 바이든 행정부의 대중국 전략우위 탈환을 위한 핵심품목 공급망 재구축은 본격 실행단계에 접어들었다 며 미국의 중간선거와 중국의 공산당대회를 앞두고 미중갈등이 심화될 가능성이 높은 만큼 이에 따른 한국기업의 피해가 최소화되도록 민관이 함께 노력해야 한다 고 말했다.']",#중국,#한국,#의존도,#수입
아시아경제,https://mimgnews.pstatic.net/image/upload/office_logo/277/2017/12/27/logo_277_38_20171227165227.png,11:20 AM 2022/01/12,"코스피, 바닥 탈출?…영업이익 추정치 급반등",경제,반도체 업종 개선 이익 상향 해운 기술하드웨어 건설 등 올해 실적 종전 예상 웃돌아 상장사 영업이익 이달들어,https://news.naver.com/main/read.naver?mode=LSD&mid=sec&sid1=101&oid=277&aid=0005029414,삼성전자,IDM,1,416,2,"['하지만 최근 반도체 업종의 이익 상향으로 코스피 실적 추정치가 늘어난데 이어 해운과 기술하드웨어 건설 조선 등도 올해 실적이 종전 예상을 웃돌 것으로 전망되고 있다.', '반도체 업종 개선 이익 상향 해운 기술하드웨어 건설 등 올해 실적 종전 예상 웃돌아 상장사 영업이익 이달들어 255조원 전달 추정치보다 8조원 상향 올해 코스피 영업이익 추정치가 급반등했다.', '12일 금융투자업계에 따르면 이달 들어 올해 코스피 상장사들의 영업이익은 255조원으로 늘어날 것으로 전망된다.']",#실적,#이익,#올해,#코스
전자신문,https://mimgnews.pstatic.net/image/upload/office_logo/030/2017/12/27/logo_030_38_20171227162327.png,10:23 AM 2022/01/12,"델 테크놀로지스, 친환경 소재 접목 고성능 노트북·모니터 출시",IT,델 테크놀로지스는 인텔 12세대 코어 프로세서를 탑재한 고성능 프리미엄 노트북 XPS 13 플러스 와 화상 ,https://news.naver.com/main/read.naver?mode=LSD&mid=sec&sid1=105&oid=030&aid=0002993219,인텔,IDM,0,4874,0,"['델 울트라샤프 32 4K 비디오 콘퍼런싱 모니터 U3223QZ 는 화상 회의에 최적화된 제품으로 웹캠과 IPS 블랙 패널 기술을 탑재한 31.5인치 4K 모니터이다.', '델 테크놀로지스는 인텔 12세대 코어 프로세서를 탑재한 고성능 프리미엄 노트북 XPS 13 플러스 와 화상 회의에 최적화된 델 울트라샤프 32 4K 비디오 콘퍼런싱 모니터 를 공개했다고 12일 밝혔다.', '특히 이 제품은 델의 친환경 정책에 따라 불필요한 제조공정을 과감히 생략하고 재활용 가능한 부품과 포장재를 도입했다.']",#모니터,#제품,#울트라,#플러스
더팩트,https://mimgnews.pstatic.net/image/upload/office_logo/629/2019/09/26/logo_629_38_20190926183126.png,9:40 AM 2022/01/12,"삼성전자, CJ제일제당과 손잡고 '비스포크 큐커' 대중화 나선다",IT,삼성전자 모델이 수원 영통구 삼성전자 수원사업장에서 비스포크 큐커 와 새롭게 협력하는 CJ의 다양한 간편식 ,https://news.naver.com/main/read.naver?mode=LSD&mid=sec&sid1=105&oid=629&aid=0000126831,삼성전자,IDM,5,1247,1,"['박찬우 삼성전자 생활가전사업부 부사장은 비스포크 큐커 는 혁신 기술로 누구나 다양한 음식을 맛있고 편리하게 만들 수 있도록 지원할 뿐 아니라 식품업체들과의 협력을 통해 국내 식문화에 새 장을 열고 있다 며 이번 CJ제일제당과의 협업으로 소비자들이 비스포크 큐커 의 가치를 더 풍부하게 경험할 수 있을 것 이라고 말했다.', '삼성전자 제공 비스포크 큐커 협업 식품사 총 13개 전용 메뉴 총 200여 개로 확대 삼성전자는 신개념 조리기기 비스포크 큐커 대중화를 위해 국내 최대 식품업체인 CJ제일제당과 협력한다고 12일 밝혔다.', '비스포크 큐커 구매 약정 서비스인 마이 큐커 플랜 에 가입한 소비자들은 기존 12개 식품사의 직영몰뿐만 아니라 CJ제일제당의 공식몰인 CJ더마켓 까지 이용할 수 있게 돼 매월 약정 금액을 채울 수 있는 옵션이 큰 폭으로 늘어났다.']",#포크,#식품,#삼성전자,#제일제당
한겨레,https://mimgnews.pstatic.net/image/upload/office_logo/028/2017/12/27/logo_028_38_20171227162327.png,5:26 PM 2022/01/12,10대 그룹 CEO 만난 이재명 “불필요한 규제 과감하게 철폐”,정치,12일 경총 간담회 시장이 관료보다 훨씬 더 뛰어나 더불어민주당 이재명 대선 후보가 12일 오후 서울 마포구,https://news.naver.com/main/read.naver?mode=LSD&mid=sec&sid1=100&oid=028&aid=0002575286,삼성전자,IDM,5,1340,2,"['이 후보는 이날 서울 마포구 한국경영자총연합회 회관에서 열린 10대 그룹 전문경영인 CEO 인들과의 간담회 자리에서 일방적인 규제 강화도 옳지 않지만 일방적인 규제 완화도 옳지 않다 며 지나친 독점 문제나 자원의 비효율을 초래하는 시장 지배력의 남용은 당연히 억제해야 합리적 경쟁이 가능할 것이다.', '공동취재사진 이재명 더불어민주당 대선후보가 12일 시장의 경쟁과 효율을 제고하지 않는 규제라면 과감하게 철폐 완화하는 것이 맞다 고 밝혔다.', '정부 입법을 통해 규제를 신설하거나 강화하는 경우 사전규제영향평가 를 거치도록 한 것을 의원 입법에도 확대 적용할 수 있다는 의미로 풀이된다.']",#규제,#문제,#후보,#시장
TV조선,https://mimgnews.pstatic.net/image/upload/office_logo/448/2018/08/30/logo_448_38_20180830113230.png,4:51 PM 2022/01/12,"美 긴축 우려 완화에 코스피, 1.54% '반등'",경제,기관 10일만에 순매수 코스피가 외국인과 기관의 매수세에 힘입어 올 들어 가장 큰 상승률로 마감했다. 코스닥,https://news.naver.com/main/read.naver?mode=LSD&mid=sec&sid1=101&oid=448&aid=0000348802,삼성전자,IDM,0,1582,0,"['12일 한국거래소에 따르면 코스피는 전거래일 대비 45.10포인트 1.54 상승한 2972.48으로 장을 마쳤다.', '투자자별로 개인은 1640억원 순매도한 반면 외국인과 기관은 각각 358억원 1324억원 순매수했다.', '투자자별로 외국인과 기관이 각각 4553억원 6066억원 순매수한 반면 개인은 1조718억원 순매도했다.']",#대비,#상승,#거래,#기관
머니S,https://mimgnews.pstatic.net/image/upload/office_logo/417/2017/12/27/logo_417_38_20171227165627.png,6:42 AM 2022/01/12,"[뉴욕증시] 연준 조기 양적긴축 우려 완화에 상승… 나스닥, 1.41%↑",경제,11일 현지시각 뉴욕증시는 미국 연방준비제도 Fed 연준 의 조기 금리인상 우려가 완화되면서 상승했다. 사진,https://news.naver.com/main/read.naver?mode=LSD&mid=sec&sid1=101&oid=417&aid=0000774444,TSMC,Foundry,1,272,2,"['서상영 미래에셋증권 연구원은 미국 증시는 파월 연준 의장 청문회를 앞두고 매물이 출회되기도 했으나 파월 의장이 양적 긴축을 아마도 연말 에 할 수 있다고 언급하자 상승 전환에 성공했다 면서 기술주 중심 나스닥의 상승폭이 컸다 고 분석했다.', '사진 로이터 뉴욕증시는 미국 연방준비제도 Fed 연준 의 조기 양적긴축 가능성에 대한 우려가 완화되면서 상승했다.', '11일 현지시각 뉴욕증시는 미국 연방준비제도 Fed 연준 의 조기 금리인상 우려가 완화되면서 상승했다.']",#인상,#상승,#투자,#파월
파이낸셜뉴스,https://mimgnews.pstatic.net/image/upload/office_logo/014/2020/03/06/logo_014_38_20200306153406.png,5:44 PM 2022/01/12,'中봉쇄' 확산에 전세계 공급망 출렁… 韓기업 피해 확대 우려,세계,시안 톈진에만 기업 1200곳 톈진 주거지역 봉쇄로 인력 부족 시안 제로코로나로 생산부진 여전 세계 최대 화,https://news.naver.com/main/read.naver?mode=LSD&mid=sec&sid1=104&oid=014&aid=0004771170,삼성전자,IDM,1,399,1,"['시안 톈진에만 기업 1200곳 톈진 주거지역 봉쇄로 인력 부족 시안 제로코로나로 생산부진 여전 세계 최대 화물항구 닝보항도 폐쇄 세계의 공장 곳곳 가동멈춰 비상 파이낸셜뉴스 베이징 서울 정지우 특파원 박종원 기자 세계의 공장 중국이 코로나19 방역을 위해 무관용 정책으로 봉쇄 및 격리 조치를 확대하면서 글로벌 공급망 대혼란이 우려되고 있다.', '그러나 주거지역 출입을 봉쇄했기 때문에 공장 가동을 위한 인력 공급에 차질을 빚고 있을 가능성도 있다.', '아이폰 생산업체인 폭스콘은 가동 중단에 들어가지는 않았지만 광둥성 선전 공장 직원 일부가 코로나19에 감염된 것으로 전해지면서 봉쇄 가능성이 남아 있다.']",#봉쇄,#공장,#코로나,#시안
중앙일보,https://mimgnews.pstatic.net/image/upload/office_logo/025/2021/08/20/logo_025_38_20210820165725.png,5:37 PM 2022/01/12,"‘155공약’ 이재명, 10대 기업 CEO에 “꼭 필요한 규제 빼고 풀겠다”",정치,이재명 더불어민주당 대선 후보가 12일 서울 서초구 한국산업기술진흥협회에서 산업 분야 정책 공약 발표를 마치,https://news.naver.com/main/read.naver?mode=LSD&mid=sec&sid1=100&oid=025&aid=0003166094,삼성전자,IDM,3,660,16,"['7대 공약엔 제조업 디지털 전환 재생에너지 확충과 탄소중립 추진 미래 선도 10대 산업 육성 공급망 자립화 다변화 소부장 소재 부품 장비 기술개발 3.0 프로젝트 맞춤형 혁신인재 양성 수출 1조 달러 달성이 포함됐다.', '이 후보는 이날 한국은 식민지배를 겪은 나라 중에서 유일하게 세계 경제 10대 강국의 반열에 올랐지만 산업 전환이 지연되고 생산연령 인구감소로 잠재성장률이 하락하고 있다 며 위기를 재도약의 기회로 만들기 위한 산업 대전환 7대 공약을 실시하겠다 고 말했다.', '이재명 더불어민주당 대선 후보가 12일 서울 서초구 한국산업기술진흥협회에서 산업 분야 정책 공약 발표를 마치고 취재진의 질문에 답하고 있다.']",#산업,#후보,#공약,#에너지
데일리안,https://mimgnews.pstatic.net/image/upload/office_logo/119/2017/12/27/logo_119_38_20171227163327.png,8:30 AM 2022/01/12,"KB證 ""자율주행 메가테마 부각…삼전·하이닉스 최선호주""",경제,내년 레벨4 자율주행차 출시 기대 KB증권 KB증권은 12일 중장기적 관점에서 자율주행이 메가테마 Mega ,https://news.naver.com/main/read.naver?mode=LSD&mid=sec&sid1=101&oid=119&aid=0002566015,하이닉스,IDM,4,60,1,"['김 연구원은 자율주행차의 반도체 탑재량은 내연기관 대비 6배 증가해 삼성전자 SK하이닉스 제품 라인업 확대에 긍정적 영향이 전망된다 고 분석했다.', 'KB증권은 인텔의 자회사 모빌아이 Mobileye 의 2024년 레벨4 자율주행차 출시가 시장활성화를 촉발할 것이라고 짚었다.', '이어 자율주행차의 광학부품 탑재량도 스마트 폰대비 7배 증가할 것으로 추정돼 자율주행차 광학부품의 풀 라인업 라이다 레이더 카메라 V2X 시스템 을 확보한 LG이노텍의 수혜가 기대된다 고 덧붙였다.']",#자율,#주행,#광학,#부품
파이낸셜뉴스,https://mimgnews.pstatic.net/image/upload/office_logo/014/2020/03/06/logo_014_38_20200306153406.png,5:46 PM 2022/01/12,삼성의 첫 ‘울트라 태블릿PC’ 베일 벗는다,IT,갤탭S8 추정기기도 전파인증 내달 언팩행사서 공개될 가능성 갤럭시탭S8 울트라 예상 이미지 샘모바일 캡처 삼,https://news.naver.com/main/read.naver?mode=LSD&mid=sec&sid1=105&oid=014&aid=0004771173,삼성전자,IDM,10,531,24,"['갤탭S8 추정기기도 전파인증 내달 언팩행사서 공개될 가능성 갤럭시탭S8 울트라 예상 이미지 샘모바일 캡처 삼성전자의 차기 태블릿PC 갤럭시탭S8 울트라 에 이어 갤럭시탭S8 플러스 로 추정되는 기기가 연달아 국내 전파 인증을 마치면서 내달 열릴 갤럭시 언팩 행사에서 공개될 가능성이 높아졌다.', '갤럭시탭S8시리즈는 일반 플러스 울트라 등 세가지 형태로 출시할 것으로 예상된다.', '삼성전자는 17 점유율을 기록 대부분이 중저가 태블릿PC 갤럭시탭A 시리즈인 것으로 파악됐다.']",#울트라,#태블릿,#삼성전자,#인증
한국경제TV,https://mimgnews.pstatic.net/image/upload/office_logo/215/2017/12/27/logo_215_38_20171227165027.png,11:05 PM 2022/01/12,"LG엔솔, 기관 1경 원 몰려…IPO 역대급 흥행 전망",경제,이달 말 상장을 앞둔 LG에너지솔루션 수요 예측에서 기관의 주문액이 1경 원을 넘기면서 역대급 흥행에 성공했,https://news.naver.com/main/read.naver?mode=LSD&mid=sec&sid1=101&oid=215&aid=0001008971,하이닉스,IDM,17,187,47,"['역대급 IPO에 기관투자자 관심이 쏟아지면서 수요 예측 경쟁률은 1 500대 1을 넘었는데 이에 따라 공모가도 밴드 상단인 30만 원에서 결정될 가능성이 커졌다.', '이달 말 상장을 앞둔 LG에너지솔루션 수요 예측에서 기관의 주문액이 1경 원을 넘기면서 역대급 흥행에 성공했다.', '한편 LG에너지솔루션은 오는 17일부터 이틀간 개인 청약을 거치고 이후 이달 27일에 코스피에 상장된다.']",#증권,#기관,#공모,#상장
조선일보,https://mimgnews.pstatic.net/image/upload/office_logo/023/2020/09/03/logo_023_38_20200903164252.png,3:21 AM 2022/01/12,"전세기 3대 띄웠다, 삼성·현대차·SK 40여명 美 CES 집단감염",경제, 취재진 10여명도 확진 11일 삼성전자는 미 라스베이거스에서 열린 세계 최대 IT 박람회 CES 참가 직원,https://news.naver.com/main/read.naver?mode=LSD&mid=sec&sid1=101&oid=023&aid=0003665695,하이닉스,IDM,45,480,139,"[' 취재진 10여명도 확진 11일 삼성전자는 미 라스베이거스에서 열린 세계 최대 IT 박람회 CES 참가 직원 20여 명이 현지에서 양성 판정을 받아 귀국길이 막히자 전세기 3대를 투입해 긴급 공수에 나섰다.', '지난 5 7일 열린 CES에 한국은 미국에 이어 둘째로 많은 400여 기업이 부스를 열었고 국내에서 관계자 5000여 명이 참가한 것으로 알려졌다.', '현대차는 정의선 회장이 5대 그룹 총수 중 유일하게 CES를 찾았고 SK그룹은 조대식 수펙스추구협의회 의장과 박정호 SK하이닉스 장동현 SK 김준 SK이노베이션 부회장 등 핵심 계열사 CEO 최고경영자 들이 참석했다.']",#그룹,#참가,#양성,#판정
헤럴드경제,https://mimgnews.pstatic.net/image/upload/office_logo/016/2017/12/27/logo_016_38_20171227161627.png,7:47 PM 2022/01/12,"“이게 150만원 실화야?” 삼성 야심작, 아이폰보다 비싸다?",IT,삼성 올 전략 스마트폰 갤럭시S22 렌더링 이미지 공개 임박 삼성 야심작 가격은 얼마 삼성전자의 올해 첫 전,https://news.naver.com/main/read.naver?mode=LSD&mid=sec&sid1=105&oid=016&aid=0001936810,삼성전자,IDM,86,2215,136,"['12일 IT팁스터 정보유출가 Chunvn888는 삼성전자의 전략 스마트폰 갤럭시S22의 기본 모델 가격이 전작인 갤럭시S21보다 12만원 100달러 더 비싼 107만원 899달러 에 달할 것으로 전망했다.', '아이폰14 프로 예상 이미지 갤럭시S22 시리즈의 가격 인상은 스마트폰 부품 공급난 때문으로 보인다.', '갤럭시S22 가격이 올해 출시될 애플의 신형 아이폰 아이폰14 시리즈와 비슷하거나 오히려 더 비쌀수도 있다.']",#가격,#아이,#모델,#스마트
한국경제,https://mimgnews.pstatic.net/image/upload/office_logo/015/2017/12/27/logo_015_38_20171227161527.png,5:48 PM 2022/01/12,"인구 100만 넘는 수원·용인·고양·창원, 13일부터 '특례시'",사회,지방분권 강화 첫발 광역시 수준의 행정 사무 권한 사회복지급여 수혜자 대폭 확대 지자체 반쪽 출범 불만 조직,https://news.naver.com/main/read.naver?mode=LSD&mid=sec&sid1=102&oid=015&aid=0004652148,하이닉스,IDM,4,46,2,"['지방분권 강화 첫발 광역시 수준의 행정 사무 권한 사회복지급여 수혜자 대폭 확대 지자체 반쪽 출범 불만 조직 예산 등 핵심업무 이양 더뎌 권한 확보할 관련법 마련도 과제 이재준 고양시장 왼쪽부터 염태영 수원시장 백군기 용인시장 허성무 창원시장 등 4개 특례시 시장이 지난해 1월 기자간담회를 열고 기념 촬영을 하고 있다.', '허 시장은 올해는 특례시로 출범하는 창원시가 지방자치 역사에 남을 성공적 모델로 안착하느냐를 판가름 짓는 중요한 해 라며 광역시에 못지않은 특례권한을 추가로 받기 위해 시정 역량을 총동원하겠다 고 강조했다.', '허성무 창원시장은 앞으로 광역시에 못지않은 특례 권한을 추가로 받기 위해 지방분권법 개정과 함께 3차 지방일괄이양법 추진 특례시지원특별법 제정 등에 시정 역량을 총동원할 것 이라고 말했다.']",#특례,#시장,#권한,#지방
뉴스1,https://mimgnews.pstatic.net/image/upload/office_logo/421/2017/12/27/logo_421_38_20171227165727.png,4:21 PM 2022/01/12,삼성에 중국까지 나선 '접는폰'…'스마트폰 원조' 애플은 언제 참전할까,IT,IT팁스터 애플 삼성에 8.1인치 폴더블 디스플레이 요청 애플 폴더블폰 시장 유지 여부에 주목 경쟁업체 결점,https://news.naver.com/main/read.naver?mode=LSD&mid=sec&sid1=105&oid=421&aid=0005840845,삼성전자,IDM,5,335,41,"['삼성전자가 지난해 출시한 갤럭시Z폴드3 와 갤럭시Z플립3 가 흥행한 데 이어 화웨이와 오포 아너 등 중국 스마트폰 제조업체들도 폴더블폰을 출시하고 있어 올해 폴더블폰 시장은 예상보다 더욱 빠르게 성장할 것으로 예상되고 있다.', '애플의 폴더블폰 예상 이미지가 공개되고 삼성 디스플레이로부터 폴더블폰 패널까지 요청한 것으로 알려지면서 출시 기대감이 어느 때 보다 높아졌다.', 'IT팁스터 애플 삼성에 8.1인치 폴더블 디스플레이 요청 애플 폴더블폰 시장 유지 여부에 주목 경쟁업체 결점 보완 애플 폴더블폰 예상 이미지 뉴스1 서울 뉴스1 이창규 기자 삼성전자에 이어 가성비 스마트폰 의 대명사 중국 제조업체까지 폴더블폰 시장에 적극적으로 뛰어들고 있는 가운데 스마트폰의 원조 애플이 언제 가세할지 관심이 뜨겁다.']",#더블,#애플,#시장,#출시
뉴시스,https://mimgnews.pstatic.net/image/upload/office_logo/003/2018/01/24/logo_003_38_20180124113224.png,7:14 PM 2022/01/12,"'집단감염' CES 참석자 관리 강화…""10일간 재택근무""(종합)",사회,기사내용 요약 귀국자 70여명 확진 삼성전자 현대차 SK 등 발생 입국 후 3회 PCR 검사 자가격리 준한 ,https://news.naver.com/main/read.naver?mode=LSD&mid=sec&sid1=102&oid=003&aid=0010941448,삼성전자,IDM,0,897,1,"['고재영 질병관리청 중앙방역대책본부 방대본 위기소통팀장은 이날 기자단 설명회에서 참석자들은 지자체에서 실시하는 입국 후 1일차 검사와 격리해제 검사를 반드시 받아달라 며 자가격리를 철저히 준수하고 격리기간 중 증상이 있으면 신속히 보고해달라 고 말했다.', '중앙사고수습본부 중수본 은 12일 CES 행사 참석자 중 중 격리면제자는 입국 전 입국 직후 전원 시설 입소 시 입국 6 7일차에 총 3회 유전자증폭 PCR 진단검사를 받고 추가적으로 10일간 재택근무를 하도록 권고했다.', '고 팀장은 또 참석자 중 중요 사업 목적으로 격리면제 대상인 분들은 전원 입국 1일차 검사를 공항 인근 시설에서 실시하고 예외적으로 3일간 재택근무를 권고한다 며 입국 후 6 7일차 검사도 꼭 받아달라 고 했다.']",#격리,#입국,#검사,#참석자
세계일보,https://mimgnews.pstatic.net/image/upload/office_logo/022/2017/12/27/logo_022_38_20171227162227.png,11:02 PM 2022/01/12,국내 100대 기업 시총 2128조원… 삼성전자 469조,경제,시가총액 2021년보다 208조 사진 연합뉴스 국내 100대 기업의 올해 초 시가총액이 지난해에 비해 대폭 ,https://news.naver.com/main/read.naver?mode=LSD&mid=sec&sid1=101&oid=022&aid=0003656995,하이닉스,IDM,0,272,0,"['올해 시가총액 순위는 삼성전자가 469조2000억원으로 부동의 1위 자리를 지켰고 이어 SK하이닉스 93조5000억원 네이버 61조7000억원 삼성바이오로직스 60조3000억원 카카오 51조원 등의 순이었다.', '카카오는 시가총액이 43조원으로 줄어 순위가 5위에서 8위로 떨어졌고 카카오뱅크도 23조원으로 줄어 15위까지 떨어지며 KB금융에 금융 대장주 자리를 내줬다.', '시가총액 1조원이 넘는 기업 역시 지난해 234곳에서 올해 288곳으로 54곳 더 늘어난 것으로 나타났다.']",#시가,#총액,#카카오,#올해
디지털타임스,https://mimgnews.pstatic.net/image/upload/office_logo/029/2018/07/18/logo_029_38_20180718140418.jpg,1:57 PM 2022/01/12,"자사주 처분 4.5조, 2년새 3배 늘었다",경제,자기주식 목적별 처분 규모. 지난해 국내 상장사의 자사주 처분 규모가 4조5000억원을 넘으면서 2년 새 3,https://news.naver.com/main/read.naver?mode=LSD&mid=sec&sid1=101&oid=029&aid=0002715653,하이닉스,IDM,1,162,0,"['자사주 처분 규모가 최근 2년새 늘어난 것은 기업들이 ESG 환경 사회 지배구조 경영의 일환으로 주주가치 제고 임직원 대상 보상에 적극 나선 영향으로 풀이된다.', '지난해 국내 상장사의 자사주 처분 규모가 4조5000억원을 넘으면서 2년 새 3배 이상 증가한 것으로 집계됐다.', '자사주 처분 목적별로는 주식소각 목적의 처분 규모는 2019년 8460억원 2020년 1조641억원 2021년 2조3517억원으로 2년 새 3배 가량 증가했다.']",#사주,#처분,#규모,#기업
매일경제,https://mimgnews.pstatic.net/image/upload/office_logo/009/2017/12/27/logo_009_38_20171227161427.png,5:32 PM 2022/01/12,"삼성 임원, 기부금 모아 '헌혈버스 제작' 지원",경제,특별격려금 10 자발적 기부 노후 헌혈버스 교체 예정 헌혈버스 모습. 삼성 관계사 임원들이 지난해 말에 받은,https://news.naver.com/main/read.naver?mode=LSD&mid=sec&sid1=101&oid=009&aid=0004908110,삼성전자,IDM,4,56,0,"['대한적십자사는 삼성 임원들의 기부금을 사용해 노후한 헌혈버스를 향후 10년간 해마다 4대씩 신형으로 교체할 예정이다.', '삼성 관계사 임원들이 지난해 말에 받은 특별격려금의 10 를 자발적으로 기부해 헌혈버스 제작을 지원한다.', '기부금은 혈액 부족 문제를 해소하기 위한 신형 헌혈버스를 제작하는 데 사용된다.']",#헌혈,#삼성,#버스,#임원
연합뉴스,https://mimgnews.pstatic.net/image/upload/office_logo/001/2017/12/18/logo_001_38_20171218155018.png,2:04 PM 2022/01/12,효성티앤씨 대표이사에 김치형 부사장 내정,경제,효성첨단소재 대표이사는 이건종 효성화학 부사장 내정 김치형 효성티앤씨 대표이사 내정자 서울 연합뉴스 조재영 ,https://news.naver.com/main/read.naver?mode=LSD&mid=sec&sid1=101&oid=001&aid=0012913522,삼성전자,IDM,1,209,0,"['김치형 효성티앤씨 대표이사 내정자는 서울대 화학공학과 졸업 후 1983년 효성 기술연구소에 입사했으며 이후 효성 안양공장장 구미공장장 스판덱스 PU장을 역임하며 효성의 스판덱스 사업 성장에 기여했다.', '코로나19 위기를 극복하며 효성화학의 첫 글로벌 생산기지인 베트남 폴리프로필렌 공장 건립을 성공적으로 이끌었다는 평가를 받는다.', '2018년 효성화학 네오캠 PU 장으로 입사한 뒤 2020년 3월부터 효성화학 대표이사를 맡고 있다.']",#효성,#대표,#이사,#화학
헤럴드경제,https://mimgnews.pstatic.net/image/upload/office_logo/016/2017/12/27/logo_016_38_20171227161627.png,11:18 AM 2022/01/12,CJ제일제당-삼성전자 맞손…간편식구독서비스 론칭,경제,CJ더마켓서 My 큐커 플랜 선봬 CJ제일제당은 자사몰인 CJ더마켓에서 My 큐커 플랜 구독자를 위한 서비스,https://news.naver.com/main/read.naver?mode=LSD&mid=sec&sid1=101&oid=016&aid=0001936527,삼성전자,IDM,1,499,0,"['이번 협약을 통해 소비자는 CJ더마켓에서 My 큐커 플랜 에 가입할 수 있고 비스포크 큐커 에 최적화된 CJ제일제당의 제품 레시피 등의 서비스도 구매할 수 있게 됐다.', '아울러 기존에 판매하고 있는 제품을 비스포크 큐커 전용 레시피로 개발해 선보이기도 한다.', 'My 큐커 플랜은 에어프라이어 전자레인지 토스터 기능을 갖춘 4 in 1 조리기기인 비스포크 큐커 를 기반으로 하는 삼성의 간편식 정기쇼핑 약정 서비스다.']",#포크,#플랜,#마켓,#제일제당
한국경제,https://mimgnews.pstatic.net/image/upload/office_logo/015/2017/12/27/logo_015_38_20171227161527.png,11:10 AM 2022/01/12,이재용도 찾아간 그곳…'60평 화재' 사고에 삼성 '초비상',경제,EUV 노광장비 독점생산 기업 ASML서 화재 글로벌 반도체 기업들 화들짝 웨이퍼 클램프 생산 설비 화재 영,https://news.naver.com/main/read.naver?mode=LSD&mid=sec&sid1=101&oid=015&aid=0004651905,하이닉스,IDM,16,1454,39,"['EUV 노광장비 독점생산 기업 ASML서 화재 글로벌 반도체 기업들 화들짝 웨이퍼 클램프 생산 설비 화재 영향 받아 반도체 장비 수요공급 불균형 심화 가능성 이재용 삼성전자 부회장이 202년 10월 네덜란드 에인트호번에 위치한 ASML 본사를 찾아 김기남 전 삼성전자 DS부문장 부회장과 EUV 장비를 살펴보는 모습.', '업계에 따르면 올해 생산 예정인 ASML의 EUV 장비는 이미 100 예약 완료됐으며 삼성전자가 18대 SK하이닉스가 4대를 확보한 것으로 알려졌다.', '반도체 생산의 핵심인 극자외선 EUV 노광 장비 독점 생산 기업 ASML에서 화재가 발생했다.']",#장비,#생산,#화재,#반도체
세계일보,https://mimgnews.pstatic.net/image/upload/office_logo/022/2017/12/27/logo_022_38_20171227162227.png,8:22 PM 2022/01/12,"오스템임플란트, 5년 전에 분식회계 적발 당해… 경징계 처분",경제,서울 강서구 오스템임플란트 본사. 뉴시스 오스템임플란트가 5년 전 금융당국으로부터 분식회계를 적발당했지만 경,https://news.naver.com/main/read.naver?mode=LSD&mid=sec&sid1=101&oid=022&aid=0003656974,하이닉스,IDM,0,104,2,"['12일 금융당국 등에 따르면 금융감독원은 2017년 오스템임플란트를 대상으로 한 특별감리에서 반품충당부채를 인식하지 않은 사실을 적발했다.', '2018년 학술지 회계저널에 실린 임플란트 산업의 수익 인식에 대한 사례연구 보고서에 따르면 오스템임플란트는 금감원의 감리 후 2016년 재무제표에 대한 반품충당부채 167억원을 설정하기 위해 2012 2015년 재무제표를 재작성 공시했다.', '회계처리에 부채를 제대로 반영하지 않은 사실이 적발됐음에도 금감원은 오스템임플란트에 대해 경징계 처분을 내렸다.']",#등급,#회계,#대하,#감리
머니투데이,https://mimgnews.pstatic.net/image/upload/office_logo/008/2020/03/02/logo_008_38_20200302160202.png,7:47 AM 2022/01/12,"겁냈던 증시, '파월 한말씀' 뒤 급반등…에너지주 강세[뉴욕마감](종합)",경제,The Fearless Girl statue is seen outside the New York Stock ,https://news.naver.com/main/read.naver?mode=LSD&mid=sec&sid1=101&oid=008&aid=0004694990,인텔,IDM,7,182,10,"['파월 인플레 잡기 위해 금리 인상 필요...민첩하게 움직일 것 워싱턴 AFP 뉴스1 우동명 기자 제롬 파월 연방준비제도 Fed 의장이 2021년 11월30일 현지시간 워싱턴 의사당의 상원 은행위원회 청문회에 출석을 하고 있다.', 'AMD가 4.02 올랐고 인텔과 퀄컴은 각각 1.26 3.18 상승했다.', '이날 파월 의장은 빠르게 회복중인 경제는 더 이상 중앙은행의 도움이 필요하지 않으며 연준이 금리를 인상해 인플레이션을 억제하는 것이 노동자들을 위해 장기적이고 안정적인 확장을 위한 발판을 마련하는 중요한 조치라고 강조했다.']",#금리,#의장,#파월,#달러
데일리안,https://mimgnews.pstatic.net/image/upload/office_logo/119/2017/12/27/logo_119_38_20171227163327.png,4:41 PM 2022/01/12,"신라호텔, '프리미엄' 상품 강화한 설 선물세트 출시",경제,신라호텔은 명절 선물로 가장 인기가 좋은 한우를 총 17종의 설 선물세트로 선보였다. 신라호텔 신라호텔이 프,https://news.naver.com/main/read.naver?mode=LSD&mid=sec&sid1=101&oid=119&aid=0002566284,삼성전자,IDM,1,1065,0,"['한우 굴비 등 명절 선물세트의 베스트셀러뿐만 아니라 송로버섯 자연송이 등 진귀한 식재료를 활용해 길어지는 팬데믹에 건강을 챙길 수 있는 선물세트를 다채롭게 준비했다.', '한편 신라호텔은 올해 처음으로 프리미엄 밀키트 를 명절 선물세트로 출시했다.', '신라호텔은 명절 선물로 가장 인기가 좋은 한우를 총 17종의 설 선물세트로 선보였다고 12일 밝혔다.']",#선물,#세트,#프리미엄,#호텔
SBS Biz,https://mimgnews.pstatic.net/image/upload/office_logo/374/2020/12/29/logo_374_38_20201229153142.jpg,7:26 AM 2022/01/12,"[글로벌 비즈] 삼성전자, 인텔 제치고 세계 반도체 매출 1위 눈앞으로… 지각변동 예상",경제,동영상 뉴스 경제와이드 모닝벨 글로벌 비즈 임선우 외신캐스터 글로벌비즈입니다. 삼성전자 반도체 매출 1위 삼,https://news.naver.com/main/read.naver?mode=LSD&mid=sec&sid1=101&oid=374&aid=0000271322,삼성전자,IDM,3,6,3,"['업계에 따르면 리퍼비시 시장은 전 세계 전자제품 총 매출의 약 6 를 차지하는데 불과하지만 프리미엄 브랜드의 플래그십 제품을 저렴한 가격에 사고자 하는 수요가 늘고 있어 성장세는 더 가팔라질 것으로 보입니다.', '시장조사업체 가트너는 윈도와 오피스가 전체 매출의 3분의1 이상을 차지하는 등 여전히 시장에서 주도적인 위치에 있고 고객들을 클라우드 서비스로 끌어들이는 마중물 역할을 하고 있다며 엇갈린 평가를 내렸습니다.', '특히 지난 2015년 MS가 100억 달러에 육박한 돈을 들여 모바일 사업에 발을 들였다 윈도 지원을 중단하는 등 중구난방한 모습을 보였다며 이제는 MS의 대표 클라우드인 아주르에 집중해야 한다고 자신의 생각을 밝혔습니다.']",#반도체,#매출,#시장,#판매
한국경제,https://mimgnews.pstatic.net/image/upload/office_logo/015/2017/12/27/logo_015_38_20171227161527.png,9:02 PM 2022/01/12,"삼성·하이닉스 '매출 신기록' 이유 있네…""韓, 반도체장비 최대 투자국""",경제,국제반도체장비재료협회 분석 올해 반도체 장비 투자 역대 최대 삼성전자 평택캠퍼스 전경 올해 전 세계 반도체 ,https://news.naver.com/main/read.naver?mode=LSD&mid=sec&sid1=101&oid=015&aid=0004652238,하이닉스,IDM,37,1365,15,"['12일 반도체 업계에 따르면 국제반도체장비재료협회 SEMI 는 최근 보고서를 통해 올해 전 세계 반도체 장비 투자액이 전년 대비 10 증가해 사상 최대 규모인 980억달러 약 116조6000억원 에 달할 것으로 추정했다.', '국제반도체장비재료협회 분석 올해 반도체 장비 투자 역대 최대 삼성전자 평택캠퍼스 전경 올해 전 세계 반도체 장비투자 규모가 역대 최대를 기록할 것이라는 전망이 나왔다.', '부문별로는 파운드리 반도체 위탁생산 분야에 대한 투자가 전년 대비 13 증가해 올해 전체 반도체 장비 투자의 46 를 차지할 것으로 예상했다.']",#반도체,#장비,#투자,#올해
뉴스1,https://mimgnews.pstatic.net/image/upload/office_logo/421/2017/12/27/logo_421_38_20171227165727.png,6:09 PM 2022/01/12,"스코넥, 2월초 코스닥 상장…""메타버스 기술 선도기업 도약""",경제,13 14일 기관 수요예측 공모가 확정 20 21일 일반 공모 청약 12일 스코넥 온라인 기자간담회에서 황대,https://news.naver.com/main/read.naver?mode=LSD&mid=sec&sid1=101&oid=421&aid=0005841150,소니,IDM,1,231,0,"['황대실 스코넥 대표이사는 12일 온라인 기자간담회에서 기업공개를 계기로 투자자들에게 스코넥이 보유한 국내 유일의 대공간 XR 워킹 시스템 기술과 핵심 경쟁력을 소개할 수 있었다 면서 상장으로 조달된 자금은 메타버스 콘텐츠 개발 등에 사용할 계획이고 상장 후 메타버스 기술 선도 기업으로 도약하겠다 고 밝혔다.', '황 대표는 메타버스 기술과 연계 가능한 XR 시장이 급성장함에 따라 해당 기술과 다양한 산업간 연계를 통해 차별화된 비즈니스모델을 확보해 나갈 것 이라면서 이번 공모를 통해 마련되는 자금은 컨슈머 VR게임 XR 교육훈련 시스템 개발 메타버스 콘텐츠 개발 등 연구개발자금에 사용할 것 이라고 밝혔다.', '스코넥 제공 뉴스1 서울 뉴스1 손엄지 기자 가상현실 VR 메타버스 기술업체 스코넥엔터테인먼트 이하 스코넥 가 2월초 코스닥 시장에 상장한다.']",#기술,#메타,#버스,#개발
이데일리,https://mimgnews.pstatic.net/image/upload/office_logo/018/2017/12/27/logo_018_38_20171227161627.png,9:23 AM 2022/01/12,"티씨케이, 1Q 사상 최대 실적 전망…조정시 '비중확대'-키움",경제, 키움증권은 12일 티씨케이 064760 가 올 1분기 사상 최대 실적을 낼 것이라고 전망했다. 업종 내 최,https://news.naver.com/main/read.naver?mode=LSD&mid=sec&sid1=101&oid=018&aid=0005125102,하이닉스,IDM,2,359,2,"['박유악 키움증권 연구원은 작년 4분기 매출액은 전년 동기보다 15 늘어난 684억원 영업이익은 같은 기간 22 증가한 264억원을 기록하며 시장 기대치에 부합할 것 이라고 내다봤다.', '박 연구원은 티씨케이의 주가는 SiC Ring 시장 내 신규 경쟁사 진입 에 대한 우려로 급락한 후 강보합세를 보이고 있지만 올 상반기를 시작으로 200단 이상의 3D NAND 양산이 본격화되면서 티씨케이와 경쟁사간의 기술 격차가 재차 확대되기 시작할 것 이라고 전망했다.', '또 올 상반기 중 SK하이닉스 M15 및 키오시아 Kioxia Y7 공장에 NAND의 신규 장비 증설이 단행될 것으로 보이는 가운데 1분기부터 티씨케이의 실적 성장 모멘텀이 재개될 것이란 평가다.']",#분기,#전년,#동기,#공장
아시아경제,https://mimgnews.pstatic.net/image/upload/office_logo/277/2017/12/27/logo_277_38_20171227165227.png,2:05 PM 2022/01/12,"블룸버그 ""中, 韓 바짝 추격""…기술패권 고삐 죄는 中",세계, 견제에도 화웨이 지난해 특허건수 5위로 뛰어올라 삼성은 2위 유지 중부 정보기술 IT 업체 화웨이가 지난해,https://news.naver.com/main/read.naver?mode=LSD&mid=sec&sid1=104&oid=277&aid=0005029524,삼성전자,IDM,2,1935,1,"['블룸버그통신은 화웨이가 9위에서 5위로 점프한 것은 다른 기업들의 특허 취득 건수가 7 감소한 것이 한 요인 이라고 분석했다.', '삼성전자가 글로벌 특허 보유 누적 건수 1위를 유지한 가운데 2 7위는 화웨이와 중국사회과학원을 포함한 중국 기업 기관이 휩쓸었다.', '10일 현지시간 블룸버그통신이 특허분석 플랫폼 IFI클레임스 보고서를 인용해 보도한 바에 따르면 화웨이는 지난해 미국에서 2770건의 특허를 취득한 것으로 나타났다.']",#특허,#건수,#지난해,#취득
이데일리,https://mimgnews.pstatic.net/image/upload/office_logo/018/2017/12/27/logo_018_38_20171227161627.png,9:23 AM 2022/01/12,"""한 번 뒤처지면 끝""…삼성전자, 인텔 제치고 반도체 1위 오른다",경제,블룸버그 삼성 지난해 반도체 매출 인텔 제칠 것 글로벌 1위 인텔 이미 주식시장선 TSMC보다 3배 낮게 평,https://news.naver.com/main/read.naver?mode=LSD&mid=sec&sid1=101&oid=018&aid=0005125105,삼성전자,IDM,15,288,5,"['블룸버그 삼성 지난해 반도체 매출 인텔 제칠 것 글로벌 1위 인텔 이미 주식시장선 TSMC보다 3배 낮게 평가 삼성전자 005930 가 인텔을 제치고 전 세계 반도체 시장에서 1위에 오를 것이란 전망이 나왔다.', '다만 기술 분야는 한 번 뒤처지면 다시 회복하기 어렵단 점에서 인텔이 다시 반도체 산업의 왕좌를 차지할지는 불투명한 것으로 평가된다.', '사진 연합뉴스 11일 현지시간 블룸버그는 작년 1 3분기 인텔의 판매량을 근소하게 앞섰던 삼성전자가 한 해 전체 매출에서 우위를 점할 전망 이라고 보도했다.']",#인텔,#반도체,#시장,#삼성전자
조선비즈,https://mimgnews.pstatic.net/image/upload/office_logo/366/2017/12/27/logo_366_38_20171227165527.png,6:55 PM 2022/01/12,"G마켓·옥션, 2주간 설맞이 세일… 인기 선물세트 최대 82% 할인",경제,오는 25일까지 2주간 설맞이 세일최대 10만원 할인쿠폰도 제공 G마켓 옥션 2022 설빅세일 오픈. G마켓,https://news.naver.com/main/read.naver?mode=LSD&mid=sec&sid1=101&oid=366&aid=0000786859,삼성전자,IDM,0,586,0,"['오는 25일까지 2주간 설맞이 세일최대 10만원 할인쿠폰도 제공 G마켓 옥션 2022 설빅세일 오픈.', 'G마켓과 옥션은 1만원 이상 구매 시 최대 1만원까지 할인되는 15 쿠폰 과 5만원 이상 구매 시 최대 5만원까지 할인되는 12 할인쿠폰 을 매일 1장씩 회원들에게 제공한다.', '기간 중 1회 10만원까지 할인받을 수 있는 15 쿠폰도 준다.']",#할인,#쿠폰,#마켓,#최대
파이낸셜뉴스,https://mimgnews.pstatic.net/image/upload/office_logo/014/2020/03/06/logo_014_38_20200306153406.png,6:25 PM 2022/01/12,[김경민의 적시타]LCD값 대폭락…국내기업 사실상 사업 철수,경제, 과 수년간 치킨게임 계속되며 패널가격 정점후 반년새 반토막 삼성 LGD 등 생산 줄이는 대신 프리미엄 시장,https://news.naver.com/main/read.naver?mode=LSD&mid=sec&sid1=101&oid=014&aid=0004771276,삼성전자,IDM,17,1856,6,"[' 과 수년간 치킨게임 계속되며 패널가격 정점후 반년새 반토막 삼성 LGD 등 생산 줄이는 대신 프리미엄 시장 OLED 선점나서 코로나19에 따른 펜트업 보복소비 수요가 끝나면서 액정표시장치 LCD 패널 가격이 반년 만에 반토막이 나자 국내 디스플레이 업체들의 철수 움직임이 본격화되고 있다.', '12일 시장조사업체 DSCC에 따르면 지난해 여름 급등한 LCD 패널 가격이 피크아웃 정점을 찍고 내려오는 현상 하면서 현재는 고점 대비 반값에도 미치지 못하는 것으로 나타났다.', '현재 OLED 세트를 만드는 업체 중 삼성전자와 중국의 TCL 2곳을 빼고 모든 업체들이 LG디스플레이의 패널을 공급받고 있다.']",#디스플레이,#패널,#가격,#달러
머니투데이,https://mimgnews.pstatic.net/image/upload/office_logo/008/2020/03/02/logo_008_38_20200302160202.png,3:58 PM 2022/01/12,"""中 확진자 한명에 닝보항 폐쇄""…삼성·도요타·폭스바겐도 '생산차질'",경제, 11일 현지시간 중국 산시성 시안에서 보건당국 직원들이 개인보호장비를 착용하고 코로나19 감염 방지 소독에,https://news.naver.com/main/read.naver?mode=LSD&mid=sec&sid1=101&oid=008&aid=0004695333,삼성전자,IDM,1,266,3,"['WSJ은 전염력이 강한 오미크론 변이가 확산하는 가운데 중국 당국이 제로 코로나 정책을 유지하면서 간헐적인 생산과 공급망 차질이 빚어지고 있다면서 이로 인한 세계 경제의 충격을 우려하는 목소리들이 나오고 있다고 전했다.', 'HSBC의 아시아 경제 리서치 공동 책임자인 프레더릭 뉴먼은 오미크론 변이가 공급망 병목현상을 크게 악화시킬 위험이 있다 면서 코로나19 발생 이후 중국이 세계 공급망에서 차지하는 역할이 더 커진 상태이기 때문에 최악의 공급망 차질이 나타날 수도 있다 고 우려했다.', '톈진에 항공기 조립공장을 두고 있는 에어버스는 아직 중국 내 공급 차질은 발생하지 않았다고 밝혔지만 오미크론 변이가 지난해와 2020년과는 다른 상황을 야기할 수 있기 때문에 중국 내 상황을 주시하고 있다고 말했다.']",#중국,#코로나,#공급,#세계
머니S,https://mimgnews.pstatic.net/image/upload/office_logo/417/2017/12/27/logo_417_38_20171227165627.png,11:01 AM 2022/01/12,"삼성전자, 시총 468조원 ‘부동의 1위’… 네이버 3위 등극",경제,삼성전자가 시가총액 1위를 수성했다. 사진 뉴시스 최근 1년 새 시가총액 시총 100대 기업의 순위가 크게 ,https://news.naver.com/main/read.naver?mode=LSD&mid=sec&sid1=101&oid=417&aid=0000774592,하이닉스,IDM,8,13151,6,"['삼성전자의 시총은 지난해 초 495조4919억원에서 올해 총 469조2249억원으로 줄었지만 여전히 압도적인 1위를 유지했다.', '메리츠금융지주는 작년 초 시총 순위 194위 1조2972억원 에서 올해 초 65위 6조975억원 로 128계단 점프했다.', '사진 뉴시스 최근 1년 새 시가총액 시총 100대 기업의 순위가 크게 뒤바뀐 가운데 삼성전자가 부동의 1위를 지킨 것으로 나타났다.']",#올해,#순위,#계단,#기업
서울경제,https://mimgnews.pstatic.net/image/upload/office_logo/011/2017/12/27/logo_011_38_20171227161527.png,4:41 PM 2022/01/12,"DB하이텍, 신규 RF칩 공정으로 5G 시장 공략",경제, DB하이텍은 신규 통신 칩 제조 공정 기술로 5G 시장을 공략한다고 12일 밝혔다. 회사는 130 110나,https://news.naver.com/main/read.naver?mode=LSD&mid=sec&sid1=101&oid=011&aid=0004007307,DB하이텍,Foundry,0,258,0,"['RF프론트엔드 분야에서 DB하이텍이 겨냥하는 제품은 스위치와 저잡음증폭기 LNA 다.', 'DB하이텍은 팹리스 고객들이 RF프론트엔드 시장에 적기에 진입할 수 있도록 고객 지원에 적극적으로 나서고 있다.', '130 기술을 기반으로 한 RF SOI 공정은 올 상반기 내 150 이상 LNA 제품을 지원할 수 있도록 준비 중이다.']",#공정,#프론트,#엔드,#제품
